run_id,treatment,func,rep,time_s,energy_j,cpu_pct,mem_mb
run_0_repetition_0,baseline,bfs,1,25.78234196,81.25,24.44220532,4
run_1_repetition_0,baseline,bfs,2,25.67927599,81.41,25.07054264,4.140625
run_2_repetition_0,baseline,bfs,3,25.37691998,78.76,25.25294118,4.0625
run_3_repetition_0,baseline,bfs,4,25.72573614,81.43,25.12906977,4.015625
run_4_repetition_0,baseline,bfs,5,25.27810693,78.8,25.15314961,4.015625
run_5_repetition_0,baseline,bfs,6,25.28783798,78.81,24.94862745,4.109375
run_6_repetition_0,baseline,bfs,7,25.40642691,81.42,24.76409266,4.09375
run_7_repetition_0,baseline,bfs,8,25.243191,78.79,25.22165354,3.9375
run_8_repetition_0,baseline,bfs,9,25.99598908,81.41,25.08045977,4.0625
run_9_repetition_0,baseline,bfs,10,25.60203886,78.78,25.14552529,4
run_10_repetition_0,baseline,bfs,11,25.5210588,78.8,25.06225681,4.046875
run_11_repetition_0,baseline,bfs,12,25.24032164,78.78,25.23582677,4.015625
run_12_repetition_0,baseline,bfs,13,25.53598499,78.76,25.15820313,4.015625
run_13_repetition_0,baseline,bfs,14,25.2109282,78.79,25.20632411,4.078125
run_14_repetition_0,baseline,bfs,15,25.55254912,78.77,25.1385214,4.015625
run_15_repetition_0,baseline,bfs,16,25.633355860000002,78.79,25.14785992,4.015625
run_16_repetition_0,baseline,bfs,17,25.47134113,81.43,24.9879845,4.015625
run_17_repetition_0,baseline,bfs,18,25.31861401,78.8,25.05748031,4.078125
run_18_repetition_0,baseline,bfs,19,25.217134,78.79,25.06166008,3.953125
run_19_repetition_0,baseline,bfs,20,25.78609896,81.45,25.03861004,4.0625
run_20_repetition_0,baseline,bfs,21,25.54264498,78.78,25.2625,4.046875
run_21_repetition_0,baseline,bfs,22,25.28388381,78.77,25.09015748,3.953125
run_22_repetition_0,baseline,bfs,23,25.52597594,78.82,24.95953307,4.015625
run_23_repetition_0,baseline,bfs,24,25.35616899,81.44,25.03242188,4.015625
run_24_repetition_0,baseline,bfs,25,25.24222112,78.78,25.04251969,4.0625
run_25_repetition_0,baseline,bfs,26,25.4283011,78.78,25.13125,4.109375
run_26_repetition_0,baseline,bfs,27,25.060426,78.8,25.19563492,4.046875
run_27_repetition_0,baseline,bfs,28,25.28838801,78.79,25.17215686,3.984375
run_28_repetition_0,baseline,bfs,29,25.66672802,81.41,25.14341085,4.03125
run_29_repetition_0,baseline,bfs,30,25.84602499,91.14,23.47948718,4.03125
run_30_repetition_0,optimized,bfs,1,9.578636885,39.24,24.11212121,4.046875
run_31_repetition_0,optimized,bfs,2,9.359945059,36.57,24.50721649,4
run_32_repetition_0,optimized,bfs,3,9.368897915,36.57,24.75154639,4.0625
run_33_repetition_0,optimized,bfs,4,9.218317986,36.57,24.79583333,4.0625
run_34_repetition_0,optimized,bfs,5,9.249130964,36.55,24.95,4.078125
run_35_repetition_0,optimized,bfs,6,9.36970377,36.56,24.54226804,4.078125
run_36_repetition_0,optimized,bfs,7,9.317957163,39.12,23.4990099,4.078125
run_37_repetition_0,optimized,bfs,8,9.347536802,41.59,24.99479167,4.03125
run_38_repetition_0,optimized,bfs,9,9.357290983,36.56,24.77731959,4.140625
run_39_repetition_0,optimized,bfs,10,9.380541801,36.57,24.84226804,4.046875
run_40_repetition_0,optimized,bfs,11,9.296785831,36.56,24.93854167,4.046875
run_41_repetition_0,optimized,bfs,12,9.346778154,36.55,24.88350515,4.0625
run_42_repetition_0,optimized,bfs,13,9.249258995,36.55,24.75729167,4.046875
run_43_repetition_0,optimized,bfs,14,9.321846962,36.56,24.66979167,4
run_44_repetition_0,optimized,bfs,15,9.402134895,36.55,24.80412371,4.078125
run_45_repetition_0,optimized,bfs,16,9.376097918,36.55,24.67319588,4.125
run_46_repetition_0,optimized,bfs,17,9.377806902,36.54,24.82680412,4.234375
run_47_repetition_0,optimized,bfs,18,9.489853859,36.54,24.83571429,4.015625
run_48_repetition_0,optimized,bfs,19,9.304280996,36.55,25.12083333,4.0625
run_49_repetition_0,optimized,bfs,20,9.194630861,36.57,24.98947368,4.015625
run_50_repetition_0,optimized,bfs,21,9.300082922,36.55,25.05,3.96875
run_51_repetition_0,optimized,bfs,22,9.300154924,36.54,25.02083333,4.0625
run_52_repetition_0,optimized,bfs,23,9.422868013,36.53,24.74329897,4.015625
run_53_repetition_0,optimized,bfs,24,9.308789015,36.54,25.03645833,4.015625
run_54_repetition_0,optimized,bfs,25,9.318170071,36.55,25.00104167,4.046875
run_55_repetition_0,optimized,bfs,26,9.326425076,36.54,24.61354167,3.984375
run_56_repetition_0,optimized,bfs,27,9.425195932,36.54,24.61237113,4.015625
run_57_repetition_0,optimized,bfs,28,9.318904638,36.56,24.74845361,4.015625
run_58_repetition_0,optimized,bfs,29,9.236359835,36.54,24.87052632,3.953125
run_59_repetition_0,optimized,bfs,30,9.42834878,36.53,24.59896907,4
run_60_repetition_0,baseline,equilibrium_index,1,5.968509912,28.62,24.61428571,4.078125
run_61_repetition_0,baseline,equilibrium_index,2,6.280417919,28.62,24.50151515,4.015625
run_62_repetition_0,baseline,equilibrium_index,3,5.332265139,26,24.3754386,4.125
run_63_repetition_0,baseline,equilibrium_index,4,6.270488977,28.63,24.54242424,3.9375
run_64_repetition_0,baseline,equilibrium_index,5,6.367531061,28.65,24.26119403,4.015625
run_65_repetition_0,baseline,equilibrium_index,6,6.212012053,28.63,24.93484848,4.015625
run_66_repetition_0,baseline,equilibrium_index,7,6.395574093,28.62,24.4880597,4.03125
run_67_repetition_0,baseline,equilibrium_index,8,5.416970968,25.98,24.5637931,4.140625
run_68_repetition_0,baseline,equilibrium_index,9,5.32744813,25.99,24.42982456,4.0625
run_69_repetition_0,baseline,equilibrium_index,10,5.547268867,25.98,24.23050847,4.078125
run_70_repetition_0,baseline,equilibrium_index,11,6.224363089,28.61,24.87121212,4.09375
run_71_repetition_0,baseline,equilibrium_index,12,5.411824942,25.98,24.63793103,4.046875
run_72_repetition_0,baseline,equilibrium_index,13,5.434359789,25.96,24.72068966,3.984375
run_73_repetition_0,baseline,equilibrium_index,14,6.276751041,28.61,24.57424242,3.953125
run_74_repetition_0,baseline,equilibrium_index,15,6.192315817,28.62,24.99545455,4.015625
run_75_repetition_0,baseline,equilibrium_index,16,5.983999014,28.63,24.54761905,4.125
run_76_repetition_0,baseline,equilibrium_index,17,6.191504717,28.63,24.86363636,4.125
run_77_repetition_0,baseline,equilibrium_index,18,6.360532999,28.63,24.18059701,4.0625
run_78_repetition_0,baseline,equilibrium_index,19,6.375535011,28.63,24.29558824,3.96875
run_79_repetition_0,baseline,equilibrium_index,20,6.278423071,28.63,24.31363636,4.078125
run_80_repetition_0,baseline,equilibrium_index,21,6.166804075,28.63,24.58153846,4.09375
run_81_repetition_0,baseline,equilibrium_index,22,6.32296586,28.63,24.5761194,4.03125
run_82_repetition_0,baseline,equilibrium_index,23,5.34039402,25.99,24.25087719,4.078125
run_83_repetition_0,baseline,equilibrium_index,24,6.259965897,28.64,25.01515152,4.078125
run_84_repetition_0,baseline,equilibrium_index,25,5.682715893,28.64,24.75737705,4.046875
run_85_repetition_0,baseline,equilibrium_index,26,6.168841124,28.6,25.09538462,4.203125
run_86_repetition_0,baseline,equilibrium_index,27,6.196003199,28.63,25.12878788,4.046875
run_87_repetition_0,baseline,equilibrium_index,28,5.238458157,25.99,24.62321429,4.046875
run_88_repetition_0,baseline,equilibrium_index,29,5.480677128,25.96,24.18644068,4.015625
run_89_repetition_0,baseline,equilibrium_index,30,6.303737164,28.61,24.62537313,4.0625
run_90_repetition_0,optimized,equilibrium_index,1,5.603111982,26,24.49333333,4
run_91_repetition_0,optimized,equilibrium_index,2,4.644184828,23.33,24.348,4.078125
run_92_repetition_0,optimized,equilibrium_index,3,5.423223972,25.99,24.39482759,4.078125
run_93_repetition_0,optimized,equilibrium_index,4,5.2003479,26,23.86842105,4.0625
run_94_repetition_0,optimized,equilibrium_index,5,4.834482908,25.97,25.02884615,4.046875
run_95_repetition_0,optimized,equilibrium_index,6,5.157543898,25.92,23.24545455,4.03125
run_96_repetition_0,optimized,equilibrium_index,7,4.872506142,25.98,24.86226415,4.078125
run_97_repetition_0,optimized,equilibrium_index,8,5.182589769,25.98,24.82909091,4.125
run_98_repetition_0,optimized,equilibrium_index,9,5.188510895,25.97,23.98392857,4.015625
run_99_repetition_0,optimized,equilibrium_index,10,5.848612785,28.6,25.01612903,4
run_100_repetition_0,optimized,equilibrium_index,11,4.974710941,25.98,24.55660377,4.046875
run_101_repetition_0,optimized,equilibrium_index,12,5.424402952,25.98,24.63965517,4.03125
run_102_repetition_0,optimized,equilibrium_index,13,5.631444931,25.96,24.82,4.0625
run_103_repetition_0,optimized,equilibrium_index,14,5.805284023,28.62,24.92903226,4.078125
run_104_repetition_0,optimized,equilibrium_index,15,4.757503033,25.98,24.69215686,4.046875
run_105_repetition_0,optimized,equilibrium_index,16,5.114935875,25.99,24.50181818,4.09375
run_106_repetition_0,optimized,equilibrium_index,17,5.53036809,25.98,24.42542373,4.046875
run_107_repetition_0,optimized,equilibrium_index,18,4.977089167,25.97,24.50185185,4.015625
run_108_repetition_0,optimized,equilibrium_index,19,4.748773098,25.99,24.51923077,4.140625
run_109_repetition_0,optimized,equilibrium_index,20,5.058960199,25.98,24.75740741,4.046875
run_110_repetition_0,optimized,equilibrium_index,21,5.152932882,25.93,23.15090909,4.046875
run_111_repetition_0,optimized,equilibrium_index,22,5.958358049,28.62,24.66031746,4.15625
run_112_repetition_0,optimized,equilibrium_index,23,4.754189253,25.99,24.71923077,4.078125
run_113_repetition_0,optimized,equilibrium_index,24,4.865143061,26,24.30566038,4.046875
run_114_repetition_0,optimized,equilibrium_index,25,4.86955595,26,24.57924528,4.09375
run_115_repetition_0,optimized,equilibrium_index,26,4.774494171,25.98,24.66730769,4.109375
run_116_repetition_0,optimized,equilibrium_index,27,5.558567286,25.98,24.255,4.03125
run_117_repetition_0,optimized,equilibrium_index,28,5.839529991,28.59,23.86153846,4.109375
run_118_repetition_0,optimized,equilibrium_index,29,5.861798763,28.6,24.75483871,4
run_119_repetition_0,optimized,equilibrium_index,30,5.077571154,25.99,24.36,4.015625
run_120_repetition_0,baseline,floyd_warshall,1,1.505844116,15.41,22.38421053,4.0625
run_121_repetition_0,baseline,floyd_warshall,2,1.528241873,15.4,23.55263158,4.078125
run_122_repetition_0,baseline,floyd_warshall,3,1.808073044,18.09,20.70434783,4.015625
run_123_repetition_0,baseline,floyd_warshall,4,1.532903194,18.09,21.45,4.046875
run_124_repetition_0,baseline,floyd_warshall,5,1.614073038,15.45,21.62,4.078125
run_125_repetition_0,baseline,floyd_warshall,6,1.624754906,15.42,20.945,4.09375
run_126_repetition_0,baseline,floyd_warshall,7,1.496005058,15.39,24.03157895,3.984375
run_127_repetition_0,baseline,floyd_warshall,8,1.634155035,15.43,22.91428571,4.125
run_128_repetition_0,baseline,floyd_warshall,9,1.63249898,15.41,22.65,4.078125
run_129_repetition_0,baseline,floyd_warshall,10,1.634569883,15.41,22.03,4
run_130_repetition_0,baseline,floyd_warshall,11,1.515404701,15.4,23.68421053,4.0625
run_131_repetition_0,baseline,floyd_warshall,12,1.745153904,18.04,20.31818182,4.078125
run_132_repetition_0,baseline,floyd_warshall,13,1.620488167,15.42,22.56,4.0625
run_133_repetition_0,baseline,floyd_warshall,14,1.629493952,15.42,22.5,4.046875
run_134_repetition_0,baseline,floyd_warshall,15,1.536604881,15.4,24.125,4
run_135_repetition_0,baseline,floyd_warshall,16,1.639282227,15.42,23.19047619,4.0625
run_136_repetition_0,baseline,floyd_warshall,17,1.507837296,15.41,22.73684211,4.0625
run_137_repetition_0,baseline,floyd_warshall,18,1.73112607,18.09,22.64090909,4.046875
run_138_repetition_0,baseline,floyd_warshall,19,1.512941837,15.41,23.38421053,4.09375
run_139_repetition_0,baseline,floyd_warshall,20,1.626383066,15.42,22.5047619,3.953125
run_140_repetition_0,baseline,floyd_warshall,21,1.62139082,15.44,21.82,4.078125
run_141_repetition_0,baseline,floyd_warshall,22,1.532749891,15.42,22.89473684,4.015625
run_142_repetition_0,baseline,floyd_warshall,23,1.735277176,18.07,21.23636364,4.125
run_143_repetition_0,baseline,floyd_warshall,24,1.628266096,15.42,23.07142857,4.1875
run_144_repetition_0,baseline,floyd_warshall,25,1.634274244,15.42,22.02857143,4.046875
run_145_repetition_0,baseline,floyd_warshall,26,1.521980762,15.41,22.61578947,4.0625
run_146_repetition_0,baseline,floyd_warshall,27,1.62053299,15.42,21.59,4.0625
run_147_repetition_0,baseline,floyd_warshall,28,1.527550936,15.43,22.30526316,4.078125
run_148_repetition_0,baseline,floyd_warshall,29,1.528131962,15.42,22.29473684,4.015625
run_149_repetition_0,baseline,floyd_warshall,30,1.624575138,15.42,21.58,4.109375
run_150_repetition_0,optimized,floyd_warshall,1,1.524501085,15.41,22.64736842,4.015625
run_151_repetition_0,optimized,floyd_warshall,2,1.5131418700000001,15.41,22.89473684,4.03125
run_152_repetition_0,optimized,floyd_warshall,3,1.623798847,15.41,22.365,4.015625
run_153_repetition_0,optimized,floyd_warshall,4,1.525367022,15.42,23.51,4.015625
run_154_repetition_0,optimized,floyd_warshall,5,1.527080297,15.41,22.44210526,4.046875
run_155_repetition_0,optimized,floyd_warshall,6,1.517962933,15.41,22.65263158,4.078125
run_156_repetition_0,optimized,floyd_warshall,7,1.637579918,15.42,21.8,4.015625
run_157_repetition_0,optimized,floyd_warshall,8,1.637196064,16.07,32.385,4.015625
run_158_repetition_0,optimized,floyd_warshall,9,1.727438211,18.06,20.56190476,4
run_159_repetition_0,optimized,floyd_warshall,10,1.65256381,15.42,22.39047619,4.015625
run_160_repetition_0,optimized,floyd_warshall,11,1.530924082,15.39,23.15263158,4.03125
run_161_repetition_0,optimized,floyd_warshall,12,1.529977083,15.4,23.75263158,3.953125
run_162_repetition_0,optimized,floyd_warshall,13,1.527643919,15.42,22.26315789,3.953125
run_163_repetition_0,optimized,floyd_warshall,14,1.621115923,15.4,23.975,4.078125
run_164_repetition_0,optimized,floyd_warshall,15,1.526503086,15.4,23.34210526,4.015625
run_165_repetition_0,optimized,floyd_warshall,16,1.633839846,15.39,23.39,4.015625
run_166_repetition_0,optimized,floyd_warshall,17,1.516296864,15.39,25.07894737,4.046875
run_167_repetition_0,optimized,floyd_warshall,18,1.523211002,15.44,23.18947368,3.953125
run_168_repetition_0,optimized,floyd_warshall,19,1.528060198,15.37,24.7,3.953125
run_169_repetition_0,optimized,floyd_warshall,20,1.430010796,15.39,23.16111111,4.046875
run_170_repetition_0,optimized,floyd_warshall,21,1.653288841,15.41,23.34285714,4.015625
run_171_repetition_0,optimized,floyd_warshall,22,1.530589104,18.01,22.785,3.953125
run_172_repetition_0,optimized,floyd_warshall,23,1.514542103,15.38,24.7,3.9375
run_173_repetition_0,optimized,floyd_warshall,24,1.42424202,15.4,24.05,4.015625
run_174_repetition_0,optimized,floyd_warshall,25,1.647341013,15.41,22.505,4.015625
run_175_repetition_0,optimized,floyd_warshall,26,1.637414217,18.05,20.97619048,3.921875
run_176_repetition_0,optimized,floyd_warshall,27,1.629458904,15.42,23.335,4.046875
run_177_repetition_0,optimized,floyd_warshall,28,1.528045893,15.4,23.02631579,4
run_178_repetition_0,optimized,floyd_warshall,29,1.634979963,15.41,22.565,4.078125
run_179_repetition_0,optimized,floyd_warshall,30,1.624566078,15.4,24.365,3.953125
run_180_repetition_0,baseline,knapsack,1,165.461879,448.38,25.27023737,3.953125
run_181_repetition_0,baseline,knapsack,2,165.2500801,448.38,25.26892139,4.015625
run_182_repetition_0,baseline,knapsack,3,165.0067651,448.39,25.29121415,4.015625
run_183_repetition_0,baseline,knapsack,4,165.1148489,448.37,25.27390244,3.9375
run_184_repetition_0,baseline,knapsack,5,166.9877751,453.67,25.29770808,4.140625
run_185_repetition_0,baseline,knapsack,6,166.5711668,451.03,25.29443773,4.03125
run_186_repetition_0,baseline,knapsack,7,164.6839218,445.74,25.2404893,4.015625
run_187_repetition_0,baseline,knapsack,8,165.4987171,448.38,25.28132603,4.03125
run_188_repetition_0,baseline,knapsack,9,167.4777849,453.65,25.26752856,4.015625
run_189_repetition_0,baseline,knapsack,10,165.2781272,448.38,25.26068168,4.109375
run_190_repetition_0,baseline,knapsack,11,166.936739,453.67,25.2800965,4
run_191_repetition_0,baseline,knapsack,12,164.6155469,445.75,25.27253823,4.015625
run_192_repetition_0,baseline,knapsack,13,165.2511091,448.39,25.28641073,4.015625
run_193_repetition_0,baseline,knapsack,14,165.3082728,448.36,25.28878732,4.015625
run_194_repetition_0,baseline,knapsack,15,165.0190041,448.39,25.26467358,4.03125
run_195_repetition_0,baseline,knapsack,16,165.0145972,448.38,25.29115314,4.015625
run_196_repetition_0,baseline,knapsack,17,165.0892279,448.39,25.27134146,4.03125
run_197_repetition_0,baseline,knapsack,18,165.146368,448.38,25.26920732,4.03125
run_198_repetition_0,baseline,knapsack,19,165.201292,448.74,25.31280488,3.953125
run_199_repetition_0,baseline,knapsack,20,164.6641679,445.75,25.24238532,3.953125
run_200_repetition_0,baseline,knapsack,21,164.4715641,445.72,25.25970606,4.015625
run_201_repetition_0,baseline,knapsack,22,164.9385662,448.39,25.28821734,4.09375
run_202_repetition_0,baseline,knapsack,23,164.7705569,445.75,25.26888753,4
run_203_repetition_0,baseline,knapsack,24,166.2275989,451.02,25.23944344,4.015625
run_204_repetition_0,baseline,knapsack,25,165.025126,448.35,25.30298963,4.015625
run_205_repetition_0,baseline,knapsack,26,164.80808,448.38,25.27764203,4
run_206_repetition_0,baseline,knapsack,27,165.2730827,448.38,25.26057282,4.09375
run_207_repetition_0,baseline,knapsack,28,165.0401721,448.37,25.27949969,4.046875
run_208_repetition_0,baseline,knapsack,29,165.2223542,448.41,25.27135893,4.078125
run_209_repetition_0,baseline,knapsack,30,164.8346231,448.37,25.28796579,4.046875
run_210_repetition_0,optimized,knapsack,1,0.549185991,15.43,22.08181818,4.078125
run_211_repetition_0,optimized,knapsack,2,0.537698984,12.78,23.8,4.125
run_212_repetition_0,optimized,knapsack,3,0.543000698,12.75,23.26,3.96875
run_213_repetition_0,optimized,knapsack,4,0.549293041,12.76,24.54,4.09375
run_214_repetition_0,optimized,knapsack,5,0.538993835,12.76,22.88,4.0625
run_215_repetition_0,optimized,knapsack,6,0.545690298,12.75,24.19,4.078125
run_216_repetition_0,optimized,knapsack,7,0.546432972,12.75,23.64,4.1875
run_217_repetition_0,optimized,knapsack,8,0.544943094,12.76,22.66,4.046875
run_218_repetition_0,optimized,knapsack,9,0.551414967,12.77,22.26,4.09375
run_219_repetition_0,optimized,knapsack,10,0.559576035,12.74,22.76,3.953125
run_220_repetition_0,optimized,knapsack,11,0.545785666,12.77,22.1,4.0625
run_221_repetition_0,optimized,knapsack,12,0.541213036,12.76,22.94,4.0625
run_222_repetition_0,optimized,knapsack,13,0.541446924,12.75,23.88,4.078125
run_223_repetition_0,optimized,knapsack,14,0.549298286,12.76,22.03,4.078125
run_224_repetition_0,optimized,knapsack,15,0.556344032,12.74,24.01,4.078125
run_225_repetition_0,optimized,knapsack,16,0.541288137,12.78,23.09,4.171875
run_226_repetition_0,optimized,knapsack,17,0.642133713,15.41,19.03636364,4.15625
run_227_repetition_0,optimized,knapsack,18,0.553849697,12.76,23.69,4.046875
run_228_repetition_0,optimized,knapsack,19,0.646342754,15.43,21.29090909,4.046875
run_229_repetition_0,optimized,knapsack,20,0.637249231,15.41,20.34545455,3.96875
run_230_repetition_0,optimized,knapsack,21,0.551075935,12.76,22.75,3.96875
run_231_repetition_0,optimized,knapsack,22,0.640424967,15.43,21.24545455,4.09375
run_232_repetition_0,optimized,knapsack,23,0.547271252,12.75,24.53,4.09375
run_233_repetition_0,optimized,knapsack,24,0.558912039,12.76,22.08,4.046875
run_234_repetition_0,optimized,knapsack,25,0.553014994,12.76,22.69,4.015625
run_235_repetition_0,optimized,knapsack,26,0.545543909,12.76,21.7,4.09375
run_236_repetition_0,optimized,knapsack,27,0.547318935,12.78,23.56,4.0625
run_237_repetition_0,optimized,knapsack,28,0.559037924,12.76,23.4,4.171875
run_238_repetition_0,optimized,knapsack,29,0.552760839,12.77,21.98,4.125
run_239_repetition_0,optimized,knapsack,30,0.548966169,12.77,23.35,4.0625
run_240_repetition_0,baseline,max_subarray,1,24.70041299,76.14,25.13534137,4.109375
run_241_repetition_0,baseline,max_subarray,2,24.64789391,76.12,25.14516129,4.078125
run_242_repetition_0,baseline,max_subarray,3,24.71490812,78.79,25.12208835,3.921875
run_243_repetition_0,baseline,max_subarray,4,24.44288182,76.15,25.18211382,4.078125
run_244_repetition_0,baseline,max_subarray,5,24.66341591,78.8,25.09112903,4.078125
run_245_repetition_0,baseline,max_subarray,6,24.66328812,78.8,25.11164659,4.015625
run_246_repetition_0,baseline,max_subarray,7,24.62417197,78.81,25.12971888,4.0625
run_247_repetition_0,baseline,max_subarray,8,24.61163282,76.16,25.16612903,4.03125
run_248_repetition_0,baseline,max_subarray,9,24.39025593,76.14,25.10528455,4.078125
run_249_repetition_0,baseline,max_subarray,10,24.44113302,76.12,25.1597561,4.0625
run_250_repetition_0,baseline,max_subarray,11,24.62713289,76.14,25.0375,4.046875
run_251_repetition_0,baseline,max_subarray,12,24.61205912,76.13,25.19516129,4.078125
run_252_repetition_0,baseline,max_subarray,13,24.13651299,76.14,25.15473251,4
run_253_repetition_0,baseline,max_subarray,14,24.6715591,76.13,25.15140562,4.09375
run_254_repetition_0,baseline,max_subarray,15,24.59625101,76.13,25.16693548,4.015625
run_255_repetition_0,baseline,max_subarray,16,24.63949394,78.79,25.12217742,4.015625
run_256_repetition_0,baseline,max_subarray,17,24.72780418,78.78,25.19116466,4.046875
run_257_repetition_0,baseline,max_subarray,18,24.54049516,76.16,25.0388664,4.03125
run_258_repetition_0,baseline,max_subarray,19,24.66894317,76.14,25.20883534,4.140625
run_259_repetition_0,baseline,max_subarray,20,24.50883198,76.14,25.18825911,4.03125
run_260_repetition_0,baseline,max_subarray,21,24.72682309,78.78,25.29759036,4.109375
run_261_repetition_0,baseline,max_subarray,22,24.22661519,76.16,25.12122449,4.0625
run_262_repetition_0,baseline,max_subarray,23,24.61192513,76.13,25.17862903,4.09375
run_263_repetition_0,baseline,max_subarray,24,24.57640982,76.14,25.16532258,4.046875
run_264_repetition_0,baseline,max_subarray,25,24.41371584,76.16,25.10809717,3.984375
run_265_repetition_0,baseline,max_subarray,26,24.61721587,78.81,25.10040323,3.96875
run_266_repetition_0,baseline,max_subarray,27,24.68203497,78.8,25.1686747,4.109375
run_267_repetition_0,baseline,max_subarray,28,24.57072687,76.12,25.14048583,4.109375
run_268_repetition_0,baseline,max_subarray,29,24.19389176,76.15,25.24016393,4.125
run_269_repetition_0,baseline,max_subarray,30,24.65617108,78.8,25.20604839,4.125
run_270_repetition_0,optimized,max_subarray,1,29.56195307,89.35,25.22861953,4.125
run_271_repetition_0,optimized,max_subarray,2,29.67450905,89.33,25.18657718,4.109375
run_272_repetition_0,optimized,max_subarray,3,29.33822966,89.34,25.30067797,4.046875
run_273_repetition_0,optimized,max_subarray,4,29.80805206,91.99,25.14749164,4.0625
run_274_repetition_0,optimized,max_subarray,5,29.25777411,89.36,25.14897959,4.125
run_275_repetition_0,optimized,max_subarray,6,29.64569211,89.34,25.20872483,4.0625
run_276_repetition_0,optimized,max_subarray,7,29.67255306,89.34,25.16040268,4.15625
run_277_repetition_0,optimized,max_subarray,8,29.68710709,89.35,25.11308725,4.078125
run_278_repetition_0,optimized,max_subarray,9,29.20061684,89.35,25.20068259,4.140625
run_279_repetition_0,optimized,max_subarray,10,29.58947206,89.33,25.12323232,4.125
run_280_repetition_0,optimized,max_subarray,11,29.66664791,91.99,25.22651007,4.046875
run_281_repetition_0,optimized,max_subarray,12,29.51972508,92.01,25.203367,4.140625
run_282_repetition_0,optimized,max_subarray,13,29.50645185,89.35,25.19461279,4.09375
run_283_repetition_0,optimized,max_subarray,14,29.59223819,89.32,25.15117845,4.0625
run_284_repetition_0,optimized,max_subarray,15,29.66789985,91.98,25.19026846,4.078125
run_285_repetition_0,optimized,max_subarray,16,29.5998261,89.33,25.19124579,4.0625
run_286_repetition_0,optimized,max_subarray,17,29.20949984,89.35,25.2105802,4.03125
run_287_repetition_0,optimized,max_subarray,18,29.59419322,89.34,25.08855219,4.046875
run_288_repetition_0,optimized,max_subarray,19,29.68456197,91.98,25.20067114,4.09375
run_289_repetition_0,optimized,max_subarray,20,29.52231979,89.33,25.1625,4.109375
run_290_repetition_0,optimized,max_subarray,21,29.29722691,89.33,25.21904762,4.078125
run_291_repetition_0,optimized,max_subarray,22,29.7459569,92.02,25.1361204,4.109375
run_292_repetition_0,optimized,max_subarray,23,29.44499898,89.31,25.26385135,4.0625
run_293_repetition_0,optimized,max_subarray,24,29.47716022,89.34,25.14222973,4.0625
run_294_repetition_0,optimized,max_subarray,25,29.60257506,89.35,25.1010101,4.09375
run_295_repetition_0,optimized,max_subarray,26,29.27217984,91.96,24.87567568,4.015625
run_296_repetition_0,optimized,max_subarray,27,29.21454692,89.34,25.17482993,4.125
run_297_repetition_0,optimized,max_subarray,28,29.53728199,89.34,25.22390572,4.0625
run_298_repetition_0,optimized,max_subarray,29,29.39798713,89.34,25.21824324,4.140625
run_299_repetition_0,optimized,max_subarray,30,29.77198005,91.98,25.21538462,4.03125
run_300_repetition_0,baseline,mergesort,1,39.79051709,118.37,25.28542714,4.015625
run_301_repetition_0,baseline,mergesort,2,39.87241435,118.41,25.24937343,4.078125
run_302_repetition_0,baseline,mergesort,3,39.96674514,118.38,25.12506266,4.03125
run_303_repetition_0,baseline,mergesort,4,39.8965137,118.38,25.23233083,4.109375
run_304_repetition_0,baseline,mergesort,5,39.94907117,118.4,25.19749373,3.984375
run_305_repetition_0,baseline,mergesort,6,40.00266695,118.33,25.0545,4.046875
run_306_repetition_0,baseline,mergesort,7,39.82596087,118.38,25.20276382,4.078125
run_307_repetition_0,baseline,mergesort,8,39.88082099,118.4,25.18295739,4.015625
run_308_repetition_0,baseline,mergesort,9,39.95203471,118.37,25.25588972,4.03125
run_309_repetition_0,baseline,mergesort,10,39.8477881,118.37,25.24221106,3.9375
run_310_repetition_0,baseline,mergesort,11,39.9026351,118.4,25.21553885,4.03125
run_311_repetition_0,baseline,mergesort,12,39.92290998,118.4,25.26090226,4.0625
run_312_repetition_0,baseline,mergesort,13,39.89515901,118.39,25.19674185,4.015625
run_313_repetition_0,baseline,mergesort,14,39.8891201,118.4,25.16817043,4.03125
run_314_repetition_0,baseline,mergesort,15,39.89920783,118.37,25.17638191,3.953125
run_315_repetition_0,baseline,mergesort,16,39.99286199,118.36,25.23082707,4.03125
run_316_repetition_0,baseline,mergesort,17,39.92690516,118.33,25.08675,4.078125
run_317_repetition_0,baseline,mergesort,18,39.83316112,118.38,25.27889447,4.015625
run_318_repetition_0,baseline,mergesort,19,39.97815132,118.4,25.17418546,4.078125
run_319_repetition_0,baseline,mergesort,20,39.9469552,118.4,25.18120301,3.953125
run_320_repetition_0,baseline,mergesort,21,39.81714487,118.38,25.29168766,3.953125
run_321_repetition_0,baseline,mergesort,22,39.95231104,118.4,25.21629073,4.0625
run_322_repetition_0,baseline,mergesort,23,39.75223088,115.72,25.26372796,4.0625
run_323_repetition_0,baseline,mergesort,24,39.75682878,118.4,25.13501259,4.078125
run_324_repetition_0,baseline,mergesort,25,39.87991714,118.37,25.27763819,4.015625
run_325_repetition_0,baseline,mergesort,26,40.05933905,118.39,25.12225,4.046875
run_326_repetition_0,baseline,mergesort,27,39.87996006,118.38,25.19170854,4.015625
run_327_repetition_0,baseline,mergesort,28,39.7103138,118.4,25.29269521,4.09375
run_328_repetition_0,baseline,mergesort,29,39.96246767,118.4,25.17669173,4.015625
run_329_repetition_0,baseline,mergesort,30,39.86991,118.37,25.28693467,4
run_330_repetition_0,optimized,mergesort,1,34.09088898,102.52,25.28152493,3.953125
run_331_repetition_0,optimized,mergesort,2,34.15180492,102.53,25.25526316,4.109375
run_332_repetition_0,optimized,mergesort,3,33.97244906,102.54,25.26382353,4.015625
run_333_repetition_0,optimized,mergesort,4,34.05943108,102.55,25.22111437,4.078125
run_334_repetition_0,optimized,mergesort,5,34.17662001,102.56,25.13947368,4.09375
run_335_repetition_0,optimized,mergesort,6,34.20703983,102.55,25.05409357,4.046875
run_336_repetition_0,optimized,mergesort,7,33.94378781,102.51,25.23,4.109375
run_337_repetition_0,optimized,mergesort,8,34.16957593,102.55,25.19415205,4.015625
run_338_repetition_0,optimized,mergesort,9,34.0270977,102.53,25.18445748,4.015625
run_339_repetition_0,optimized,mergesort,10,33.95797777,102.53,25.245,4.015625
run_340_repetition_0,optimized,mergesort,11,33.9608531,102.55,25.28382353,4.125
run_341_repetition_0,optimized,mergesort,12,34.06873703,102.53,25.24692082,4.03125
run_342_repetition_0,optimized,mergesort,13,34.03055382,102.52,25.30117302,4.015625
run_343_repetition_0,optimized,mergesort,14,34.19975495,102.56,25.10146199,4.046875
run_344_repetition_0,optimized,mergesort,15,34.05741191,102.56,25.17155425,4.015625
run_345_repetition_0,optimized,mergesort,16,34.04910398,102.53,25.17008798,4.0625
run_346_repetition_0,optimized,mergesort,17,34.04073811,102.54,25.29208211,4.03125
run_347_repetition_0,optimized,mergesort,18,34.04413915,102.55,25.17947214,3.953125
run_348_repetition_0,optimized,mergesort,19,34.05623293,102.53,25.1398827,3.9375
run_349_repetition_0,optimized,mergesort,20,34.12747788,102.55,25.08862974,4.078125
run_350_repetition_0,optimized,mergesort,21,34.05839181,102.53,25.25659824,4.0625
run_351_repetition_0,optimized,mergesort,22,34.13562822,102.55,25.20321637,4
run_352_repetition_0,optimized,mergesort,23,34.06410599,102.53,25.20205279,4.015625
run_353_repetition_0,optimized,mergesort,24,34.11349607,102.52,25.16656891,4.015625
run_354_repetition_0,optimized,mergesort,25,34.19513226,102.54,25.18070175,4.015625
run_355_repetition_0,optimized,mergesort,26,33.99054003,102.54,25.21588235,4.015625
run_356_repetition_0,optimized,mergesort,27,34.11506486,102.55,25.19502924,4.140625
run_357_repetition_0,optimized,mergesort,28,33.99277592,102.52,25.24882353,4.125
run_358_repetition_0,optimized,mergesort,29,34.04227901,102.56,25.20791789,4.015625
run_359_repetition_0,optimized,mergesort,30,34.13867712,102.54,25.23567251,3.984375
run_360_repetition_0,baseline,prefix_sum,1,6.406777859,28.62,24.30441176,4.015625
run_361_repetition_0,baseline,prefix_sum,2,6.310882092,28.61,24.6880597,4.015625
run_362_repetition_0,baseline,prefix_sum,3,6.311903954,28.64,24.71492537,4.078125
run_363_repetition_0,baseline,prefix_sum,4,6.28925395,28.62,24.41940299,4.046875
run_364_repetition_0,baseline,prefix_sum,5,6.229566813,28.61,24.91666667,3.9375
run_365_repetition_0,baseline,prefix_sum,6,6.244189978,28.61,24.7469697,3.984375
run_366_repetition_0,baseline,prefix_sum,7,6.30994606,28.63,24.50447761,4.078125
run_367_repetition_0,baseline,prefix_sum,8,6.295106888,28.62,24.74029851,4.078125
run_368_repetition_0,baseline,prefix_sum,9,6.410341978,28.65,24.28382353,4.078125
run_369_repetition_0,baseline,prefix_sum,10,6.273891926,28.64,24.78333333,4.078125
run_370_repetition_0,baseline,prefix_sum,11,6.393579006,28.63,24.35735294,4.0625
run_371_repetition_0,baseline,prefix_sum,12,6.207803011,28.62,24.76969697,4.0625
run_372_repetition_0,baseline,prefix_sum,13,6.309412956,28.57,24.70746269,4.078125
run_373_repetition_0,baseline,prefix_sum,14,6.167362928,28.63,24.66461538,4.03125
run_374_repetition_0,baseline,prefix_sum,15,6.287164927,31.27,24.3358209,4.03125
run_375_repetition_0,baseline,prefix_sum,16,6.289582014,28.64,24.46969697,4.015625
run_376_repetition_0,baseline,prefix_sum,17,6.428607941,28.62,24.37794118,4.078125
run_377_repetition_0,baseline,prefix_sum,18,6.420825005,28.64,24.16911765,4.0625
run_378_repetition_0,baseline,prefix_sum,19,6.333807945,28.63,24.35147059,4.015625
run_379_repetition_0,baseline,prefix_sum,20,6.291043758,28.62,24.70447761,4.015625
run_380_repetition_0,baseline,prefix_sum,21,6.449294806,28.62,24.18823529,4.015625
run_381_repetition_0,baseline,prefix_sum,22,6.423913002,28.63,24.19558824,4.109375
run_382_repetition_0,baseline,prefix_sum,23,6.390373945,28.63,24.48676471,4.078125
run_383_repetition_0,baseline,prefix_sum,24,6.413196087,28.65,23.90441176,4.0625
run_384_repetition_0,baseline,prefix_sum,25,6.366173029,28.61,24.45074627,4.078125
run_385_repetition_0,baseline,prefix_sum,26,6.180866241,28.6,24.96307692,3.875
run_386_repetition_0,baseline,prefix_sum,27,6.291669846,28.62,24.81343284,4.0625
run_387_repetition_0,baseline,prefix_sum,28,6.313594103,28.62,24.67462687,4.015625
run_388_repetition_0,baseline,prefix_sum,29,6.401349068,28.61,24.56617647,4.078125
run_389_repetition_0,baseline,prefix_sum,30,6.181535006,28.61,25.10757576,4.0625
run_390_repetition_0,optimized,prefix_sum,1,6.537044048,28.61,24.64782609,4.015625
run_391_repetition_0,optimized,prefix_sum,2,6.60680604,28.62,24.65714286,3.875
run_392_repetition_0,optimized,prefix_sum,3,6.506901979,28.6,24.7115942,4.40625
run_393_repetition_0,optimized,prefix_sum,4,6.633693933,28.63,24.51,4.078125
run_394_repetition_0,optimized,prefix_sum,5,6.620512009,28.62,24.48285714,4.015625
run_395_repetition_0,optimized,prefix_sum,6,6.617954969,28.62,24.7,4.03125
run_396_repetition_0,optimized,prefix_sum,7,6.589823961,28.6,24.4057971,4.03125
run_397_repetition_0,optimized,prefix_sum,8,6.533923864,28.63,24.46714286,3.984375
run_398_repetition_0,optimized,prefix_sum,9,6.711318731,28.62,24.19428571,4.125
run_399_repetition_0,optimized,prefix_sum,10,6.597117186,28.6,24.76857143,4.078125
run_400_repetition_0,optimized,prefix_sum,11,6.652562141,31.29,24.57714286,4.140625
run_401_repetition_0,optimized,prefix_sum,12,6.552949905,28.6,24.36811594,4.15625
run_402_repetition_0,optimized,prefix_sum,13,6.541723728,28.62,24.84637681,4.046875
run_403_repetition_0,optimized,prefix_sum,14,6.631727934,28.62,24.72142857,4.078125
run_404_repetition_0,optimized,prefix_sum,15,6.580197096,28.62,24.71014493,3.96875
run_405_repetition_0,optimized,prefix_sum,16,6.531693935,28.63,24.79855072,3.96875
run_406_repetition_0,optimized,prefix_sum,17,6.512441158,28.61,24.73043478,3.984375
run_407_repetition_0,optimized,prefix_sum,18,6.497786283,28.59,25.02608696,4.046875
run_408_repetition_0,optimized,prefix_sum,19,6.628746033,28.62,24.59714286,4.09375
run_409_repetition_0,optimized,prefix_sum,20,6.622311831,28.61,24.56571429,4.109375
run_410_repetition_0,optimized,prefix_sum,21,6.607357025,28.63,24.74285714,4.078125
run_411_repetition_0,optimized,prefix_sum,22,6.524626732,28.6,25.09565217,4.015625
run_412_repetition_0,optimized,prefix_sum,23,6.54358077,28.59,24.82173913,4.046875
run_413_repetition_0,optimized,prefix_sum,24,6.592774153,28.61,24.60714286,4.140625
run_414_repetition_0,optimized,prefix_sum,25,6.540112019,28.58,24.80869565,4.046875
run_415_repetition_0,optimized,prefix_sum,26,6.516973019,28.59,24.91304348,4.0625
run_416_repetition_0,optimized,prefix_sum,27,6.545534134,28.61,24.61014493,4.078125
run_417_repetition_0,optimized,prefix_sum,28,6.611978292,28.62,24.68714286,3.90625
run_418_repetition_0,optimized,prefix_sum,29,6.517589092,28.6,24.89130435,4.015625
run_419_repetition_0,optimized,prefix_sum,30,6.524804831,28.59,25.02173913,4.015625
run_420_repetition_0,baseline,product_sum,1,0.55487299,12.76,24.21,4.0625
run_421_repetition_0,baseline,product_sum,2,0.536495686,12.75,22.1,4
run_422_repetition_0,baseline,product_sum,3,0.55801487,12.75,24.3,4.078125
run_423_repetition_0,baseline,product_sum,4,0.664000034,12.78,21.47272727,4.015625
run_424_repetition_0,baseline,product_sum,5,0.661402941,12.77,21.90909091,4.03125
run_425_repetition_0,baseline,product_sum,6,0.526797056,12.75,24.61,4.03125
run_426_repetition_0,baseline,product_sum,7,0.666954994,12.76,22.82727273,4.03125
run_427_repetition_0,baseline,product_sum,8,0.557673931,12.74,23.79,4.046875
run_428_repetition_0,baseline,product_sum,9,0.660933971,12.76,21.80909091,4.046875
run_429_repetition_0,baseline,product_sum,10,0.546710014,12.76,24.29,3.984375
run_430_repetition_0,baseline,product_sum,11,0.64855814,12.75,22.85454545,4.078125
run_431_repetition_0,baseline,product_sum,12,0.666297913,12.76,21.18181818,3.96875
run_432_repetition_0,baseline,product_sum,13,0.650610209,12.77,22.45454545,4.078125
run_433_repetition_0,baseline,product_sum,14,0.570240021,12.75,23.63,4.1875
run_434_repetition_0,baseline,product_sum,15,0.557702065,12.75,24.33,4.015625
run_435_repetition_0,baseline,product_sum,16,0.654704094,12.78,21.98181818,4.015625
run_436_repetition_0,baseline,product_sum,17,0.660978794,12.76,20.09090909,4.015625
run_437_repetition_0,baseline,product_sum,18,0.647764921,12.77,21.49090909,4.03125
run_438_repetition_0,baseline,product_sum,19,0.650305033,12.76,21.98181818,4.046875
run_439_repetition_0,baseline,product_sum,20,0.660101891,12.75,21.77272727,4.046875
run_440_repetition_0,baseline,product_sum,21,0.663602829,12.78,22.47272727,4.015625
run_441_repetition_0,baseline,product_sum,22,0.557094097,12.75,23.32,4
run_442_repetition_0,baseline,product_sum,23,0.541896105,12.77,23.82,3.984375
run_443_repetition_0,baseline,product_sum,24,0.657095909,12.77,21.01818182,4
run_444_repetition_0,baseline,product_sum,25,0.553202152,12.76,23.59,3.984375
run_445_repetition_0,baseline,product_sum,26,0.549282074,12.76,23.19,4.015625
run_446_repetition_0,baseline,product_sum,27,0.540555954,12.76,24.6,4.1875
run_447_repetition_0,baseline,product_sum,28,0.663399935,12.76,22.00909091,4.015625
run_448_repetition_0,baseline,product_sum,29,0.574297905,12.75,21.53,4
run_449_repetition_0,baseline,product_sum,30,0.558019161,12.76,24.19,4.015625
run_450_repetition_0,optimized,product_sum,1,0.660820007,12.76,22.51818182,4
run_451_repetition_0,optimized,product_sum,2,0.547883987,12.76,23.95,4
run_452_repetition_0,optimized,product_sum,3,0.659160852,12.76,21.9,4.015625
run_453_repetition_0,optimized,product_sum,4,0.663991928,15.43,21.80909091,4.046875
run_454_repetition_0,optimized,product_sum,5,0.658274651,12.77,21.85454545,4.015625
run_455_repetition_0,optimized,product_sum,6,0.660654783,12.76,20.42727273,3.953125
run_456_repetition_0,optimized,product_sum,7,0.756331205,15.42,19.8,4.046875
run_457_repetition_0,optimized,product_sum,8,0.557718992,12.75,25.53,3.984375
run_458_repetition_0,optimized,product_sum,9,0.65324688,15.43,20.63636364,4.078125
run_459_repetition_0,optimized,product_sum,10,0.658700943,12.78,21.94545455,4.0625
run_460_repetition_0,optimized,product_sum,11,0.654472113,12.77,22.44545455,3.984375
run_461_repetition_0,optimized,product_sum,12,0.644014835,12.76,22.53636364,3.9375
run_462_repetition_0,optimized,product_sum,13,0.660015106,12.76,21.48181818,3.921875
run_463_repetition_0,optimized,product_sum,14,0.659524202,12.78,20.7,4.015625
run_464_repetition_0,optimized,product_sum,15,0.650023937,12.76,21.87272727,4.015625
run_465_repetition_0,optimized,product_sum,16,0.656361818,12.79,20.79090909,4.0625
run_466_repetition_0,optimized,product_sum,17,0.659948111,12.78,20.27272727,4.015625
run_467_repetition_0,optimized,product_sum,18,0.650829077,12.76,22.82727273,4.015625
run_468_repetition_0,optimized,product_sum,19,0.558269978,12.76,23.99,4
run_469_repetition_0,optimized,product_sum,20,0.535419941,12.77,23.7,4.078125
run_470_repetition_0,optimized,product_sum,21,0.660454988,12.77,22.42727273,4.015625
run_471_repetition_0,optimized,product_sum,22,0.656107903,12.78,22.45454545,4.015625
run_472_repetition_0,optimized,product_sum,23,0.663300276,15.43,20.42727273,4.109375
run_473_repetition_0,optimized,product_sum,24,0.648382902,12.77,22.32727273,4.015625
run_474_repetition_0,optimized,product_sum,25,0.544348955,12.75,25.12,4
run_475_repetition_0,optimized,product_sum,26,0.557277203,12.75,22.96666667,4.046875
run_476_repetition_0,optimized,product_sum,27,0.555131912,12.77,23.88,4.015625
run_477_repetition_0,optimized,product_sum,28,0.668022156,15.42,21.23636364,4
run_478_repetition_0,optimized,product_sum,29,0.656025887,12.77,19.86363636,4.015625
run_479_repetition_0,optimized,product_sum,30,0.659120083,15.41,21.10909091,4.046875
run_480_repetition_0,baseline,stock_span,1,0.988100052,15.41,22.99285714,4.078125
run_481_repetition_0,baseline,stock_span,2,0.971879005,15.41,23.21428571,4.078125
run_482_repetition_0,baseline,stock_span,3,0.986921072,15.42,22.54285714,4.0625
run_483_repetition_0,baseline,stock_span,4,0.985947132,15.42,21.98571429,4.0625
run_484_repetition_0,baseline,stock_span,5,0.980285883,15.42,22.46428571,4
run_485_repetition_0,baseline,stock_span,6,0.987707853,15.41,22.21428571,4.015625
run_486_repetition_0,baseline,stock_span,7,0.975996971,15.42,22.33571429,4.015625
run_487_repetition_0,baseline,stock_span,8,0.975596666,15.42,22.56428571,4.015625
run_488_repetition_0,baseline,stock_span,9,0.977933168,15.42,22.80714286,3.9375
run_489_repetition_0,baseline,stock_span,10,0.985038996,15.41,22.66428571,3.9375
run_490_repetition_0,baseline,stock_span,11,0.97601676,15.44,23.27857143,4.015625
run_491_repetition_0,baseline,stock_span,12,0.984865189,15.43,22.77857143,4.015625
run_492_repetition_0,baseline,stock_span,13,0.97727108,15.42,22.55,4.03125
run_493_repetition_0,baseline,stock_span,14,0.986879349,15.42,22.96428571,4.046875
run_494_repetition_0,baseline,stock_span,15,0.988974094,15.44,21.52666667,4.171875
run_495_repetition_0,baseline,stock_span,16,0.951784849,15.39,22.96428571,3.84375
run_496_repetition_0,baseline,stock_span,17,0.981605053,15.42,22.69285714,4
run_497_repetition_0,baseline,stock_span,18,0.974315882,15.43,22.50714286,4.03125
run_498_repetition_0,baseline,stock_span,19,0.981812954,15.43,22.04285714,4.078125
run_499_repetition_0,baseline,stock_span,20,0.881235361,15.42,24.36923077,4.046875
run_500_repetition_0,baseline,stock_span,21,0.984817743,15.42,23.62857143,3.953125
run_501_repetition_0,baseline,stock_span,22,0.981906891,15.41,21.25714286,4.015625
run_502_repetition_0,baseline,stock_span,23,0.974835157,15.4,21.8,4.0625
run_503_repetition_0,baseline,stock_span,24,0.989499092,15.43,21.24285714,3.953125
run_504_repetition_0,baseline,stock_span,25,0.975412369,15.41,22.75,4.09375
run_505_repetition_0,baseline,stock_span,26,0.881803036,15.39,24.17692308,4.015625
run_506_repetition_0,baseline,stock_span,27,0.979966879,15.44,23.19285714,4.03125
run_507_repetition_0,baseline,stock_span,28,0.986710072,15.4,22.18571429,4.0625
run_508_repetition_0,baseline,stock_span,29,0.974931955,15.41,22.15,4.046875
run_509_repetition_0,baseline,stock_span,30,0.992291212,15.41,21.27857143,4.015625
run_510_repetition_0,optimized,stock_span,1,1.071820021,15.42,20.99333333,4.078125
run_511_repetition_0,optimized,stock_span,2,0.993889093,15.42,21.04285714,4.09375
run_512_repetition_0,optimized,stock_span,3,0.980021954,15.42,21.89285714,4.015625
run_513_repetition_0,optimized,stock_span,4,0.957058191,15.41,23.61428571,4.078125
run_514_repetition_0,optimized,stock_span,5,0.965151072,15.4,23.56428571,4.015625
run_515_repetition_0,optimized,stock_span,6,0.98154211,15.43,22.71428571,3.9375
run_516_repetition_0,optimized,stock_span,7,0.979496002,15.41,22.98461538,4.078125
run_517_repetition_0,optimized,stock_span,8,1.084570885,15.43,21.17333333,4.078125
run_518_repetition_0,optimized,stock_span,9,0.986762047,15.41,23.58571429,4.015625
run_519_repetition_0,optimized,stock_span,10,0.990629196,15.42,23.43571429,4.015625
run_520_repetition_0,optimized,stock_span,11,0.976314306,15.42,22.22142857,4.0625
run_521_repetition_0,optimized,stock_span,12,0.980392218,15.41,23.46428571,3.921875
run_522_repetition_0,optimized,stock_span,13,0.994754076,15.41,23.52142857,4.0625
run_523_repetition_0,optimized,stock_span,14,1.06992197,15.39,21.88,4.015625
run_524_repetition_0,optimized,stock_span,15,1.004605055,15.43,21.67142857,4.015625
run_525_repetition_0,optimized,stock_span,16,0.98906517,15.42,22.29285714,4.03125
run_526_repetition_0,optimized,stock_span,17,0.978503942,15.4,23.5,4.140625
run_527_repetition_0,optimized,stock_span,18,0.977950096,15.41,23.12142857,4.015625
run_528_repetition_0,optimized,stock_span,19,0.993579149,15.42,23.55,3.953125
run_529_repetition_0,optimized,stock_span,20,0.971858025,15.43,22.30714286,4.0625
run_530_repetition_0,optimized,stock_span,21,0.991975069,15.41,21.21428571,4.109375
run_531_repetition_0,optimized,stock_span,22,1.00240612,15.4,21.2,4.078125
run_532_repetition_0,optimized,stock_span,23,0.993026018,15.43,21.62857143,4.078125
run_533_repetition_0,optimized,stock_span,24,0.979373693,15.41,21.82857143,4
run_534_repetition_0,optimized,stock_span,25,0.984787941,15.41,23.37857143,4.078125
run_535_repetition_0,optimized,stock_span,26,0.970311165,15.42,23.49285714,4.078125
run_536_repetition_0,optimized,stock_span,27,0.984306097,15.41,22.84285714,4.0625
run_537_repetition_0,optimized,stock_span,28,0.970810175,15.41,23.13571429,4.078125
run_538_repetition_0,optimized,stock_span,29,0.993392229,15.4,21.41428571,4.03125
run_539_repetition_0,optimized,stock_span,30,1.071722031,15.41,21.47333333,4.15625
run_540_repetition_0,baseline,strassen,1,2.608867884,18.05,23.84666667,4.015625
run_541_repetition_0,baseline,strassen,2,2.479771137,18.03,24.97586207,4.03125
run_542_repetition_0,baseline,strassen,3,2.590716839,18.03,24.37333333,4.03125
run_543_repetition_0,baseline,strassen,4,2.611191988,18.05,24.01333333,4.046875
run_544_repetition_0,baseline,strassen,5,2.509113073,18.03,25.12413793,4.046875
run_545_repetition_0,baseline,strassen,6,2.595631123,18.06,23.74333333,4.078125
run_546_repetition_0,baseline,strassen,7,2.61062932,18.05,23.51666667,4.015625
run_547_repetition_0,baseline,strassen,8,2.601575136,18.06,23.95666667,3.984375
run_548_repetition_0,baseline,strassen,9,2.521454811,18.06,23.78275862,4.078125
run_549_repetition_0,baseline,strassen,10,2.520818949,18.03,24.31724138,4.046875
run_550_repetition_0,baseline,strassen,11,2.584649086,18.04,24.1137931,4.078125
run_551_repetition_0,baseline,strassen,12,2.57834506,18.05,24.06,4.046875
run_552_repetition_0,baseline,strassen,13,2.61437726,18.05,23.62666667,4.078125
run_553_repetition_0,baseline,strassen,14,2.498045921,18.06,24.80344828,4.15625
run_554_repetition_0,baseline,strassen,15,2.581061125,18.06,23.53,4.078125
run_555_repetition_0,baseline,strassen,16,2.621621132,18.07,23.38,3.953125
run_556_repetition_0,baseline,strassen,17,2.60737896,18.04,23.98666667,3.9375
run_557_repetition_0,baseline,strassen,18,2.597199202,18.04,23.77333333,4.109375
run_558_repetition_0,baseline,strassen,19,2.587447166,18.06,24,4.03125
run_559_repetition_0,baseline,strassen,20,2.47836113,18.01,25.14827586,3.984375
run_560_repetition_0,baseline,strassen,21,2.497797012,18.03,24.82758621,4.046875
run_561_repetition_0,baseline,strassen,22,2.613025188,18.03,22.98666667,3.9375
run_562_repetition_0,baseline,strassen,23,2.484188795,18.04,25.02758621,4.078125
run_563_repetition_0,baseline,strassen,24,2.609189987,18.05,23.65666667,4.015625
run_564_repetition_0,baseline,strassen,25,2.604281902,18.06,23.66666667,4.0625
run_565_repetition_0,baseline,strassen,26,2.607903004,18.05,23.94,4
run_566_repetition_0,baseline,strassen,27,2.682664394,18.06,23.47419355,3.953125
run_567_repetition_0,baseline,strassen,28,2.605699062,18.06,23.71,4.015625
run_568_repetition_0,baseline,strassen,29,2.598623037,18.06,24.47,3.953125
run_569_repetition_0,baseline,strassen,30,2.588927984,18.05,24.15333333,3.953125
run_570_repetition_0,optimized,strassen,1,2.510854959,18.04,24.57586207,3.984375
run_571_repetition_0,optimized,strassen,2,2.498838902,18.02,24.56551724,4
run_572_repetition_0,optimized,strassen,3,2.628520012,18.05,23.44333333,4.140625
run_573_repetition_0,optimized,strassen,4,2.605766058,18.05,24.06666667,4.078125
run_574_repetition_0,optimized,strassen,5,2.603103876,18.05,24.09333333,4.078125
run_575_repetition_0,optimized,strassen,6,2.504345894,18.04,24.24482759,3.953125
run_576_repetition_0,optimized,strassen,7,2.622568846,18.04,23.07666667,4.015625
run_577_repetition_0,optimized,strassen,8,2.601991177,18.07,23.78333333,4.078125
run_578_repetition_0,optimized,strassen,9,2.596813202,18.04,23.44333333,4.109375
run_579_repetition_0,optimized,strassen,10,2.612733126,18.05,23.54,3.953125
run_580_repetition_0,optimized,strassen,11,2.616799831,18.05,24.23666667,3.953125
run_581_repetition_0,optimized,strassen,12,2.508030176,18.05,24.0862069,4.015625
run_582_repetition_0,optimized,strassen,13,2.589586973,18.04,24.4,4.015625
run_583_repetition_0,optimized,strassen,14,2.620175123,18.04,24.14,3.875
run_584_repetition_0,optimized,strassen,15,2.638486862,18.04,23.68666667,4.015625
run_585_repetition_0,optimized,strassen,16,2.600768805,18.05,24.19333333,4
run_586_repetition_0,optimized,strassen,17,2.487112045,18.02,24.88928571,4.015625
run_587_repetition_0,optimized,strassen,18,2.599808216,18.06,23.83333333,4.015625
run_588_repetition_0,optimized,strassen,19,2.598245859,18.07,23.32333333,4
run_589_repetition_0,optimized,strassen,20,2.611417055,18.05,23.70666667,3.875
run_590_repetition_0,optimized,strassen,21,2.614930153,18.05,23.72666667,4.015625
run_591_repetition_0,optimized,strassen,22,2.584663153,18.04,24.38666667,4.40625
run_592_repetition_0,optimized,strassen,23,2.619768143,18.06,24.46333333,4.09375
run_593_repetition_0,optimized,strassen,24,2.499973297,18.03,24.76206897,4
run_594_repetition_0,optimized,strassen,25,2.604168177,18.06,24.00333333,4.015625
run_595_repetition_0,optimized,strassen,26,2.611274004,18.04,23.86666667,3.984375
run_596_repetition_0,optimized,strassen,27,2.610258341,18.05,23.96666667,4.078125
run_597_repetition_0,optimized,strassen,28,2.600934744,18.05,24.03333333,4.078125
run_598_repetition_0,optimized,strassen,29,2.617478848,18.04,24.48333333,4.078125
run_599_repetition_0,optimized,strassen,30,2.504772663,18.04,24.06551724,4
